<?xml version="1.0" encoding="UTF-8"?>
<project-private xmlns="http://www.netbeans.org/ns/project-private/1">
    <editor-bookmarks xmlns="http://www.netbeans.org/ns/editor-bookmarks/2" lastBookmarkId="0"/>
    <open-files xmlns="http://www.netbeans.org/ns/projectui-open-files/2">
        <group>
            <file>file:/C:/Users/PAULA/Documents/Distri/Modelos/PrototypeEjemplo/src/prototypeejemplo/Rectangle.java</file>
            <file>file:/C:/Users/PAULA/Documents/Distri/Modelos/PrototypeEjemplo/src/prototypeejemplo/Shape.java</file>
            <file>file:/C:/Users/PAULA/Documents/Distri/Modelos/PrototypeEjemplo/src/prototypeejemplo/PrototypeEjemplo.java</file>
            <file>file:/C:/Users/PAULA/Documents/Distri/Modelos/PrototypeEjemplo/src/prototypeejemplo/Circle.java</file>
        </group>
    </open-files>
</project-private>
